file_name,s3_path,data_source,file_size_bytes,last_modified,ingestion_timestamp,status,bucket,region
GT-001_135520494582.json,s3://globetrack-raw-data-lake/iot-sensor-data/2026/04/06/GT-001_135520494582.json,iot-sensor-data,575,2026-04-06T13:55:22+00:00,2026-04-06T14:05:41.823080+00:00,SUCCESS,globetrack-raw-data-lake,ap-south-1
GT-001_135523316948.json,s3://globetrack-raw-data-lake/iot-sensor-data/2026/04/06/GT-001_135523316948.json,iot-sensor-data,576,2026-04-06T13:55:24+00:00,2026-04-06T14:05:41.823080+00:00,SUCCESS,globetrack-raw-data-lake,ap-south-1
GT-001_135525818556.json,s3://globetrack-raw-data-lake/iot-sensor-data/2026/04/06/GT-001_135525818556.json,iot-sensor-data,575,2026-04-06T13:55:27+00:00,2026-04-06T14:05:41.823080+00:00,SUCCESS,globetrack-raw-data-lake,ap-south-1
GT-001_135528248554.json,s3://globetrack-raw-data-lake/iot-sensor-data/2026/04/06/GT-001_135528248554.json,iot-sensor-data,573,2026-04-06T13:55:29+00:00,2026-04-06T14:05:41.823080+00:00,SUCCESS,globetrack-raw-data-lake,ap-south-1
GT-001_135530701462.json,s3://globetrack-raw-data-lake/iot-sensor-data/2026/04/06/GT-001_135530701462.json,iot-sensor-data,574,2026-04-06T13:55:32+00:00,2026-04-06T14:05:41.823080+00:00,SUCCESS,globetrack-raw-data-lake,ap-south-1
GT-002_135520905326.json,s3://globetrack-raw-data-lake/iot-sensor-data/2026/04/06/GT-002_135520905326.json,iot-sensor-data,572,2026-04-06T13:55:22+00:00,2026-04-06T14:05:41.823080+00:00,SUCCESS,globetrack-raw-data-lake,ap-south-1
GT-002_135523432709.json,s3://globetrack-raw-data-lake/iot-sensor-data/2026/04/06/GT-002_135523432709.json,iot-sensor-data,572,2026-04-06T13:55:25+00:00,2026-04-06T14:05:41.823080+00:00,SUCCESS,globetrack-raw-data-lake,ap-south-1
GT-002_135525854742.json,s3://globetrack-raw-data-lake/iot-sensor-data/2026/04/06/GT-002_135525854742.json,iot-sensor-data,572,2026-04-06T13:55:27+00:00,2026-04-06T14:05:41.823080+00:00,SUCCESS,globetrack-raw-data-lake,ap-south-1
GT-002_135528283911.json,s3://globetrack-raw-data-lake/iot-sensor-data/2026/04/06/GT-002_135528283911.json,iot-sensor-data,574,2026-04-06T13:55:29+00:00,2026-04-06T14:05:41.823080+00:00,SUCCESS,globetrack-raw-data-lake,ap-south-1
GT-002_135530748903.json,s3://globetrack-raw-data-lake/iot-sensor-data/2026/04/06/GT-002_135530748903.json,iot-sensor-data,570,2026-04-06T13:55:32+00:00,2026-04-06T14:05:41.823080+00:00,SUCCESS,globetrack-raw-data-lake,ap-south-1
GT-003_135520953960.json,s3://globetrack-raw-data-lake/iot-sensor-data/2026/04/06/GT-003_135520953960.json,iot-sensor-data,569,2026-04-06T13:55:22+00:00,2026-04-06T14:05:41.823080+00:00,SUCCESS,globetrack-raw-data-lake,ap-south-1
GT-003_135523466257.json,s3://globetrack-raw-data-lake/iot-sensor-data/2026/04/06/GT-003_135523466257.json,iot-sensor-data,572,2026-04-06T13:55:25+00:00,2026-04-06T14:05:41.823080+00:00,SUCCESS,globetrack-raw-data-lake,ap-south-1
GT-003_135525900993.json,s3://globetrack-raw-data-lake/iot-sensor-data/2026/04/06/GT-003_135525900993.json,iot-sensor-data,571,2026-04-06T13:55:27+00:00,2026-04-06T14:05:41.823080+00:00,SUCCESS,globetrack-raw-data-lake,ap-south-1
GT-003_135528333761.json,s3://globetrack-raw-data-lake/iot-sensor-data/2026/04/06/GT-003_135528333761.json,iot-sensor-data,572,2026-04-06T13:55:29+00:00,2026-04-06T14:05:41.823080+00:00,SUCCESS,globetrack-raw-data-lake,ap-south-1
GT-003_135530783379.json,s3://globetrack-raw-data-lake/iot-sensor-data/2026/04/06/GT-003_135530783379.json,iot-sensor-data,573,2026-04-06T13:55:32+00:00,2026-04-06T14:05:41.823080+00:00,SUCCESS,globetrack-raw-data-lake,ap-south-1
GT-004_135521001188.json,s3://globetrack-raw-data-lake/iot-sensor-data/2026/04/06/GT-004_135521001188.json,iot-sensor-data,573,2026-04-06T13:55:22+00:00,2026-04-06T14:05:41.823080+00:00,SUCCESS,globetrack-raw-data-lake,ap-south-1
GT-004_135523516038.json,s3://globetrack-raw-data-lake/iot-sensor-data/2026/04/06/GT-004_135523516038.json,iot-sensor-data,572,2026-04-06T13:55:25+00:00,2026-04-06T14:05:41.823080+00:00,SUCCESS,globetrack-raw-data-lake,ap-south-1
GT-004_135525934670.json,s3://globetrack-raw-data-lake/iot-sensor-data/2026/04/06/GT-004_135525934670.json,iot-sensor-data,572,2026-04-06T13:55:27+00:00,2026-04-06T14:05:41.823080+00:00,SUCCESS,globetrack-raw-data-lake,ap-south-1
GT-004_135528366562.json,s3://globetrack-raw-data-lake/iot-sensor-data/2026/04/06/GT-004_135528366562.json,iot-sensor-data,571,2026-04-06T13:55:29+00:00,2026-04-06T14:05:41.823080+00:00,SUCCESS,globetrack-raw-data-lake,ap-south-1
GT-004_135530832642.json,s3://globetrack-raw-data-lake/iot-sensor-data/2026/04/06/GT-004_135530832642.json,iot-sensor-data,575,2026-04-06T13:55:32+00:00,2026-04-06T14:05:41.823080+00:00,SUCCESS,globetrack-raw-data-lake,ap-south-1
GT-005_135521048068.json,s3://globetrack-raw-data-lake/iot-sensor-data/2026/04/06/GT-005_135521048068.json,iot-sensor-data,576,2026-04-06T13:55:22+00:00,2026-04-06T14:05:41.823080+00:00,SUCCESS,globetrack-raw-data-lake,ap-south-1
GT-005_135523564935.json,s3://globetrack-raw-data-lake/iot-sensor-data/2026/04/06/GT-005_135523564935.json,iot-sensor-data,574,2026-04-06T13:55:25+00:00,2026-04-06T14:05:41.823080+00:00,SUCCESS,globetrack-raw-data-lake,ap-south-1
GT-005_135525982680.json,s3://globetrack-raw-data-lake/iot-sensor-data/2026/04/06/GT-005_135525982680.json,iot-sensor-data,572,2026-04-06T13:55:27+00:00,2026-04-06T14:05:41.823080+00:00,SUCCESS,globetrack-raw-data-lake,ap-south-1
GT-005_135528415960.json,s3://globetrack-raw-data-lake/iot-sensor-data/2026/04/06/GT-005_135528415960.json,iot-sensor-data,572,2026-04-06T13:55:29+00:00,2026-04-06T14:05:41.823080+00:00,SUCCESS,globetrack-raw-data-lake,ap-south-1
GT-005_135530883069.json,s3://globetrack-raw-data-lake/iot-sensor-data/2026/04/06/GT-005_135530883069.json,iot-sensor-data,575,2026-04-06T13:55:32+00:00,2026-04-06T14:05:41.823080+00:00,SUCCESS,globetrack-raw-data-lake,ap-south-1
GT-006_135521082942.json,s3://globetrack-raw-data-lake/iot-sensor-data/2026/04/06/GT-006_135521082942.json,iot-sensor-data,578,2026-04-06T13:55:22+00:00,2026-04-06T14:05:41.823080+00:00,SUCCESS,globetrack-raw-data-lake,ap-south-1
GT-006_135523599570.json,s3://globetrack-raw-data-lake/iot-sensor-data/2026/04/06/GT-006_135523599570.json,iot-sensor-data,578,2026-04-06T13:55:25+00:00,2026-04-06T14:05:41.823080+00:00,SUCCESS,globetrack-raw-data-lake,ap-south-1
GT-006_135526017030.json,s3://globetrack-raw-data-lake/iot-sensor-data/2026/04/06/GT-006_135526017030.json,iot-sensor-data,578,2026-04-06T13:55:27+00:00,2026-04-06T14:05:41.823080+00:00,SUCCESS,globetrack-raw-data-lake,ap-south-1
GT-006_135528467217.json,s3://globetrack-raw-data-lake/iot-sensor-data/2026/04/06/GT-006_135528467217.json,iot-sensor-data,578,2026-04-06T13:55:30+00:00,2026-04-06T14:05:41.823080+00:00,SUCCESS,globetrack-raw-data-lake,ap-south-1
GT-006_135530915766.json,s3://globetrack-raw-data-lake/iot-sensor-data/2026/04/06/GT-006_135530915766.json,iot-sensor-data,578,2026-04-06T13:55:32+00:00,2026-04-06T14:05:41.823080+00:00,SUCCESS,globetrack-raw-data-lake,ap-south-1
GT-007_135521132613.json,s3://globetrack-raw-data-lake/iot-sensor-data/2026/04/06/GT-007_135521132613.json,iot-sensor-data,573,2026-04-06T13:55:22+00:00,2026-04-06T14:05:41.823080+00:00,SUCCESS,globetrack-raw-data-lake,ap-south-1
GT-007_135523648166.json,s3://globetrack-raw-data-lake/iot-sensor-data/2026/04/06/GT-007_135523648166.json,iot-sensor-data,574,2026-04-06T13:55:25+00:00,2026-04-06T14:05:41.823080+00:00,SUCCESS,globetrack-raw-data-lake,ap-south-1
GT-007_135526067226.json,s3://globetrack-raw-data-lake/iot-sensor-data/2026/04/06/GT-007_135526067226.json,iot-sensor-data,576,2026-04-06T13:55:27+00:00,2026-04-06T14:05:41.823080+00:00,SUCCESS,globetrack-raw-data-lake,ap-south-1
GT-007_135528499590.json,s3://globetrack-raw-data-lake/iot-sensor-data/2026/04/06/GT-007_135528499590.json,iot-sensor-data,571,2026-04-06T13:55:30+00:00,2026-04-06T14:05:41.823080+00:00,SUCCESS,globetrack-raw-data-lake,ap-south-1
GT-007_135530971763.json,s3://globetrack-raw-data-lake/iot-sensor-data/2026/04/06/GT-007_135530971763.json,iot-sensor-data,573,2026-04-06T13:55:32+00:00,2026-04-06T14:05:41.823080+00:00,SUCCESS,globetrack-raw-data-lake,ap-south-1
GT-008_135521182954.json,s3://globetrack-raw-data-lake/iot-sensor-data/2026/04/06/GT-008_135521182954.json,iot-sensor-data,577,2026-04-06T13:55:22+00:00,2026-04-06T14:05:41.823080+00:00,SUCCESS,globetrack-raw-data-lake,ap-south-1
GT-008_135523683599.json,s3://globetrack-raw-data-lake/iot-sensor-data/2026/04/06/GT-008_135523683599.json,iot-sensor-data,573,2026-04-06T13:55:25+00:00,2026-04-06T14:05:41.823080+00:00,SUCCESS,globetrack-raw-data-lake,ap-south-1
GT-008_135526098822.json,s3://globetrack-raw-data-lake/iot-sensor-data/2026/04/06/GT-008_135526098822.json,iot-sensor-data,579,2026-04-06T13:55:27+00:00,2026-04-06T14:05:41.823080+00:00,SUCCESS,globetrack-raw-data-lake,ap-south-1
GT-008_135528566961.json,s3://globetrack-raw-data-lake/iot-sensor-data/2026/04/06/GT-008_135528566961.json,iot-sensor-data,577,2026-04-06T13:55:30+00:00,2026-04-06T14:05:41.823080+00:00,SUCCESS,globetrack-raw-data-lake,ap-south-1
GT-008_135531018258.json,s3://globetrack-raw-data-lake/iot-sensor-data/2026/04/06/GT-008_135531018258.json,iot-sensor-data,574,2026-04-06T13:55:32+00:00,2026-04-06T14:05:41.823080+00:00,SUCCESS,globetrack-raw-data-lake,ap-south-1
GT-009_135521216387.json,s3://globetrack-raw-data-lake/iot-sensor-data/2026/04/06/GT-009_135521216387.json,iot-sensor-data,571,2026-04-06T13:55:22+00:00,2026-04-06T14:05:41.823080+00:00,SUCCESS,globetrack-raw-data-lake,ap-south-1
GT-009_135523717019.json,s3://globetrack-raw-data-lake/iot-sensor-data/2026/04/06/GT-009_135523717019.json,iot-sensor-data,570,2026-04-06T13:55:25+00:00,2026-04-06T14:05:41.823080+00:00,SUCCESS,globetrack-raw-data-lake,ap-south-1
GT-009_135526149456.json,s3://globetrack-raw-data-lake/iot-sensor-data/2026/04/06/GT-009_135526149456.json,iot-sensor-data,570,2026-04-06T13:55:27+00:00,2026-04-06T14:05:41.823080+00:00,SUCCESS,globetrack-raw-data-lake,ap-south-1
GT-009_135528600341.json,s3://globetrack-raw-data-lake/iot-sensor-data/2026/04/06/GT-009_135528600341.json,iot-sensor-data,571,2026-04-06T13:55:30+00:00,2026-04-06T14:05:41.823080+00:00,SUCCESS,globetrack-raw-data-lake,ap-south-1
GT-009_135531049253.json,s3://globetrack-raw-data-lake/iot-sensor-data/2026/04/06/GT-009_135531049253.json,iot-sensor-data,571,2026-04-06T13:55:32+00:00,2026-04-06T14:05:41.823080+00:00,SUCCESS,globetrack-raw-data-lake,ap-south-1
GT-010_135521268099.json,s3://globetrack-raw-data-lake/iot-sensor-data/2026/04/06/GT-010_135521268099.json,iot-sensor-data,575,2026-04-06T13:55:22+00:00,2026-04-06T14:05:41.823080+00:00,SUCCESS,globetrack-raw-data-lake,ap-south-1
GT-010_135523771955.json,s3://globetrack-raw-data-lake/iot-sensor-data/2026/04/06/GT-010_135523771955.json,iot-sensor-data,575,2026-04-06T13:55:25+00:00,2026-04-06T14:05:41.823080+00:00,SUCCESS,globetrack-raw-data-lake,ap-south-1
GT-010_135526201602.json,s3://globetrack-raw-data-lake/iot-sensor-data/2026/04/06/GT-010_135526201602.json,iot-sensor-data,579,2026-04-06T13:55:27+00:00,2026-04-06T14:05:41.823080+00:00,SUCCESS,globetrack-raw-data-lake,ap-south-1
GT-010_135528655223.json,s3://globetrack-raw-data-lake/iot-sensor-data/2026/04/06/GT-010_135528655223.json,iot-sensor-data,576,2026-04-06T13:55:30+00:00,2026-04-06T14:05:41.823080+00:00,SUCCESS,globetrack-raw-data-lake,ap-south-1
GT-010_135531100437.json,s3://globetrack-raw-data-lake/iot-sensor-data/2026/04/06/GT-010_135531100437.json,iot-sensor-data,578,2026-04-06T13:55:32+00:00,2026-04-06T14:05:41.823080+00:00,SUCCESS,globetrack-raw-data-lake,ap-south-1
chunk_0001.csv,s3://globetrack-raw-data-lake/iot-sensor-data/large-dataset/chunk_0001.csv,iot-sensor-data,1562009,2026-04-06T13:50:40+00:00,2026-04-06T14:05:41.823080+00:00,SUCCESS,globetrack-raw-data-lake,ap-south-1
chunk_0002.csv,s3://globetrack-raw-data-lake/iot-sensor-data/large-dataset/chunk_0002.csv,iot-sensor-data,1562699,2026-04-06T13:50:41+00:00,2026-04-06T14:05:41.823080+00:00,SUCCESS,globetrack-raw-data-lake,ap-south-1
chunk_0003.csv,s3://globetrack-raw-data-lake/iot-sensor-data/large-dataset/chunk_0003.csv,iot-sensor-data,1561649,2026-04-06T13:50:41+00:00,2026-04-06T14:05:41.823080+00:00,SUCCESS,globetrack-raw-data-lake,ap-south-1
chunk_0004.csv,s3://globetrack-raw-data-lake/iot-sensor-data/large-dataset/chunk_0004.csv,iot-sensor-data,1562282,2026-04-06T13:50:41+00:00,2026-04-06T14:05:41.823080+00:00,SUCCESS,globetrack-raw-data-lake,ap-south-1
chunk_0005.csv,s3://globetrack-raw-data-lake/iot-sensor-data/large-dataset/chunk_0005.csv,iot-sensor-data,1562096,2026-04-06T13:50:42+00:00,2026-04-06T14:05:41.823080+00:00,SUCCESS,globetrack-raw-data-lake,ap-south-1
chunk_0006.csv,s3://globetrack-raw-data-lake/iot-sensor-data/large-dataset/chunk_0006.csv,iot-sensor-data,1561478,2026-04-06T13:50:42+00:00,2026-04-06T14:05:41.823080+00:00,SUCCESS,globetrack-raw-data-lake,ap-south-1
chunk_0007.csv,s3://globetrack-raw-data-lake/iot-sensor-data/large-dataset/chunk_0007.csv,iot-sensor-data,1562140,2026-04-06T13:50:42+00:00,2026-04-06T14:05:41.823080+00:00,SUCCESS,globetrack-raw-data-lake,ap-south-1
chunk_0008.csv,s3://globetrack-raw-data-lake/iot-sensor-data/large-dataset/chunk_0008.csv,iot-sensor-data,1562404,2026-04-06T13:50:43+00:00,2026-04-06T14:05:41.823080+00:00,SUCCESS,globetrack-raw-data-lake,ap-south-1
chunk_0009.csv,s3://globetrack-raw-data-lake/iot-sensor-data/large-dataset/chunk_0009.csv,iot-sensor-data,1562268,2026-04-06T13:50:43+00:00,2026-04-06T14:05:41.823080+00:00,SUCCESS,globetrack-raw-data-lake,ap-south-1
chunk_0010.csv,s3://globetrack-raw-data-lake/iot-sensor-data/large-dataset/chunk_0010.csv,iot-sensor-data,1562015,2026-04-06T13:50:43+00:00,2026-04-06T14:05:41.823080+00:00,SUCCESS,globetrack-raw-data-lake,ap-south-1
chunk_0011.csv,s3://globetrack-raw-data-lake/iot-sensor-data/large-dataset/chunk_0011.csv,iot-sensor-data,1562408,2026-04-06T13:50:43+00:00,2026-04-06T14:05:41.823080+00:00,SUCCESS,globetrack-raw-data-lake,ap-south-1
chunk_0012.csv,s3://globetrack-raw-data-lake/iot-sensor-data/large-dataset/chunk_0012.csv,iot-sensor-data,1562773,2026-04-06T13:50:44+00:00,2026-04-06T14:05:41.823080+00:00,SUCCESS,globetrack-raw-data-lake,ap-south-1
chunk_0013.csv,s3://globetrack-raw-data-lake/iot-sensor-data/large-dataset/chunk_0013.csv,iot-sensor-data,1562531,2026-04-06T13:50:44+00:00,2026-04-06T14:05:41.823080+00:00,SUCCESS,globetrack-raw-data-lake,ap-south-1
chunk_0014.csv,s3://globetrack-raw-data-lake/iot-sensor-data/large-dataset/chunk_0014.csv,iot-sensor-data,1561988,2026-04-06T13:50:44+00:00,2026-04-06T14:05:41.823080+00:00,SUCCESS,globetrack-raw-data-lake,ap-south-1
chunk_0015.csv,s3://globetrack-raw-data-lake/iot-sensor-data/large-dataset/chunk_0015.csv,iot-sensor-data,1562184,2026-04-06T13:50:45+00:00,2026-04-06T14:05:41.823080+00:00,SUCCESS,globetrack-raw-data-lake,ap-south-1
chunk_0016.csv,s3://globetrack-raw-data-lake/iot-sensor-data/large-dataset/chunk_0016.csv,iot-sensor-data,1562520,2026-04-06T13:50:45+00:00,2026-04-06T14:05:41.823080+00:00,SUCCESS,globetrack-raw-data-lake,ap-south-1
chunk_0017.csv,s3://globetrack-raw-data-lake/iot-sensor-data/large-dataset/chunk_0017.csv,iot-sensor-data,1561734,2026-04-06T13:50:45+00:00,2026-04-06T14:05:41.823080+00:00,SUCCESS,globetrack-raw-data-lake,ap-south-1
chunk_0018.csv,s3://globetrack-raw-data-lake/iot-sensor-data/large-dataset/chunk_0018.csv,iot-sensor-data,1562657,2026-04-06T13:50:46+00:00,2026-04-06T14:05:41.823080+00:00,SUCCESS,globetrack-raw-data-lake,ap-south-1
chunk_0019.csv,s3://globetrack-raw-data-lake/iot-sensor-data/large-dataset/chunk_0019.csv,iot-sensor-data,1561973,2026-04-06T13:50:46+00:00,2026-04-06T14:05:41.823080+00:00,SUCCESS,globetrack-raw-data-lake,ap-south-1
chunk_0020.csv,s3://globetrack-raw-data-lake/iot-sensor-data/large-dataset/chunk_0020.csv,iot-sensor-data,1562188,2026-04-06T13:50:46+00:00,2026-04-06T14:05:41.823080+00:00,SUCCESS,globetrack-raw-data-lake,ap-south-1
chunk_0021.csv,s3://globetrack-raw-data-lake/iot-sensor-data/large-dataset/chunk_0021.csv,iot-sensor-data,1562036,2026-04-06T13:50:47+00:00,2026-04-06T14:05:41.823080+00:00,SUCCESS,globetrack-raw-data-lake,ap-south-1
chunk_0022.csv,s3://globetrack-raw-data-lake/iot-sensor-data/large-dataset/chunk_0022.csv,iot-sensor-data,1562061,2026-04-06T13:50:47+00:00,2026-04-06T14:05:41.823080+00:00,SUCCESS,globetrack-raw-data-lake,ap-south-1
chunk_0023.csv,s3://globetrack-raw-data-lake/iot-sensor-data/large-dataset/chunk_0023.csv,iot-sensor-data,1562310,2026-04-06T13:50:47+00:00,2026-04-06T14:05:41.823080+00:00,SUCCESS,globetrack-raw-data-lake,ap-south-1
chunk_0024.csv,s3://globetrack-raw-data-lake/iot-sensor-data/large-dataset/chunk_0024.csv,iot-sensor-data,1562072,2026-04-06T13:50:48+00:00,2026-04-06T14:05:41.823080+00:00,SUCCESS,globetrack-raw-data-lake,ap-south-1
chunk_0025.csv,s3://globetrack-raw-data-lake/iot-sensor-data/large-dataset/chunk_0025.csv,iot-sensor-data,1562784,2026-04-06T13:50:48+00:00,2026-04-06T14:05:41.823080+00:00,SUCCESS,globetrack-raw-data-lake,ap-south-1
chunk_0026.csv,s3://globetrack-raw-data-lake/iot-sensor-data/large-dataset/chunk_0026.csv,iot-sensor-data,1562189,2026-04-06T13:50:48+00:00,2026-04-06T14:05:41.823080+00:00,SUCCESS,globetrack-raw-data-lake,ap-south-1
chunk_0027.csv,s3://globetrack-raw-data-lake/iot-sensor-data/large-dataset/chunk_0027.csv,iot-sensor-data,1562239,2026-04-06T13:50:49+00:00,2026-04-06T14:05:41.823080+00:00,SUCCESS,globetrack-raw-data-lake,ap-south-1
chunk_0028.csv,s3://globetrack-raw-data-lake/iot-sensor-data/large-dataset/chunk_0028.csv,iot-sensor-data,1562534,2026-04-06T13:50:49+00:00,2026-04-06T14:05:41.823080+00:00,SUCCESS,globetrack-raw-data-lake,ap-south-1
chunk_0029.csv,s3://globetrack-raw-data-lake/iot-sensor-data/large-dataset/chunk_0029.csv,iot-sensor-data,1562554,2026-04-06T13:50:49+00:00,2026-04-06T14:05:41.823080+00:00,SUCCESS,globetrack-raw-data-lake,ap-south-1
chunk_0030.csv,s3://globetrack-raw-data-lake/iot-sensor-data/large-dataset/chunk_0030.csv,iot-sensor-data,1562345,2026-04-06T13:50:50+00:00,2026-04-06T14:05:41.823080+00:00,SUCCESS,globetrack-raw-data-lake,ap-south-1
chunk_0031.csv,s3://globetrack-raw-data-lake/iot-sensor-data/large-dataset/chunk_0031.csv,iot-sensor-data,1561763,2026-04-06T13:50:50+00:00,2026-04-06T14:05:41.823080+00:00,SUCCESS,globetrack-raw-data-lake,ap-south-1
chunk_0032.csv,s3://globetrack-raw-data-lake/iot-sensor-data/large-dataset/chunk_0032.csv,iot-sensor-data,1562316,2026-04-06T13:50:50+00:00,2026-04-06T14:05:41.823080+00:00,SUCCESS,globetrack-raw-data-lake,ap-south-1
chunk_0033.csv,s3://globetrack-raw-data-lake/iot-sensor-data/large-dataset/chunk_0033.csv,iot-sensor-data,1561818,2026-04-06T13:50:51+00:00,2026-04-06T14:05:41.823080+00:00,SUCCESS,globetrack-raw-data-lake,ap-south-1
chunk_0034.csv,s3://globetrack-raw-data-lake/iot-sensor-data/large-dataset/chunk_0034.csv,iot-sensor-data,1562206,2026-04-06T13:50:51+00:00,2026-04-06T14:05:41.823080+00:00,SUCCESS,globetrack-raw-data-lake,ap-south-1
chunk_0035.csv,s3://globetrack-raw-data-lake/iot-sensor-data/large-dataset/chunk_0035.csv,iot-sensor-data,1561791,2026-04-06T13:50:51+00:00,2026-04-06T14:05:41.823080+00:00,SUCCESS,globetrack-raw-data-lake,ap-south-1
chunk_0036.csv,s3://globetrack-raw-data-lake/iot-sensor-data/large-dataset/chunk_0036.csv,iot-sensor-data,1562253,2026-04-06T13:50:52+00:00,2026-04-06T14:05:41.823080+00:00,SUCCESS,globetrack-raw-data-lake,ap-south-1
chunk_0037.csv,s3://globetrack-raw-data-lake/iot-sensor-data/large-dataset/chunk_0037.csv,iot-sensor-data,1561998,2026-04-06T13:50:52+00:00,2026-04-06T14:05:41.823080+00:00,SUCCESS,globetrack-raw-data-lake,ap-south-1
chunk_0038.csv,s3://globetrack-raw-data-lake/iot-sensor-data/large-dataset/chunk_0038.csv,iot-sensor-data,1562066,2026-04-06T13:50:52+00:00,2026-04-06T14:05:41.823080+00:00,SUCCESS,globetrack-raw-data-lake,ap-south-1
chunk_0039.csv,s3://globetrack-raw-data-lake/iot-sensor-data/large-dataset/chunk_0039.csv,iot-sensor-data,1561914,2026-04-06T13:50:53+00:00,2026-04-06T14:05:41.823080+00:00,SUCCESS,globetrack-raw-data-lake,ap-south-1
chunk_0040.csv,s3://globetrack-raw-data-lake/iot-sensor-data/large-dataset/chunk_0040.csv,iot-sensor-data,1562072,2026-04-06T13:50:53+00:00,2026-04-06T14:05:41.823080+00:00,SUCCESS,globetrack-raw-data-lake,ap-south-1
chunk_0041.csv,s3://globetrack-raw-data-lake/iot-sensor-data/large-dataset/chunk_0041.csv,iot-sensor-data,1561839,2026-04-06T13:50:53+00:00,2026-04-06T14:05:41.823080+00:00,SUCCESS,globetrack-raw-data-lake,ap-south-1
chunk_0042.csv,s3://globetrack-raw-data-lake/iot-sensor-data/large-dataset/chunk_0042.csv,iot-sensor-data,1562268,2026-04-06T13:50:54+00:00,2026-04-06T14:05:41.823080+00:00,SUCCESS,globetrack-raw-data-lake,ap-south-1
chunk_0043.csv,s3://globetrack-raw-data-lake/iot-sensor-data/large-dataset/chunk_0043.csv,iot-sensor-data,1561893,2026-04-06T13:50:54+00:00,2026-04-06T14:05:41.823080+00:00,SUCCESS,globetrack-raw-data-lake,ap-south-1
chunk_0044.csv,s3://globetrack-raw-data-lake/iot-sensor-data/large-dataset/chunk_0044.csv,iot-sensor-data,1562106,2026-04-06T13:50:54+00:00,2026-04-06T14:05:41.823080+00:00,SUCCESS,globetrack-raw-data-lake,ap-south-1
chunk_0045.csv,s3://globetrack-raw-data-lake/iot-sensor-data/large-dataset/chunk_0045.csv,iot-sensor-data,1562090,2026-04-06T13:50:55+00:00,2026-04-06T14:05:41.823080+00:00,SUCCESS,globetrack-raw-data-lake,ap-south-1
chunk_0046.csv,s3://globetrack-raw-data-lake/iot-sensor-data/large-dataset/chunk_0046.csv,iot-sensor-data,1562019,2026-04-06T13:50:55+00:00,2026-04-06T14:05:41.823080+00:00,SUCCESS,globetrack-raw-data-lake,ap-south-1
chunk_0047.csv,s3://globetrack-raw-data-lake/iot-sensor-data/large-dataset/chunk_0047.csv,iot-sensor-data,1562396,2026-04-06T13:50:55+00:00,2026-04-06T14:05:41.823080+00:00,SUCCESS,globetrack-raw-data-lake,ap-south-1
chunk_0048.csv,s3://globetrack-raw-data-lake/iot-sensor-data/large-dataset/chunk_0048.csv,iot-sensor-data,1562572,2026-04-06T13:50:56+00:00,2026-04-06T14:05:41.823080+00:00,SUCCESS,globetrack-raw-data-lake,ap-south-1
chunk_0049.csv,s3://globetrack-raw-data-lake/iot-sensor-data/large-dataset/chunk_0049.csv,iot-sensor-data,1562283,2026-04-06T13:50:56+00:00,2026-04-06T14:05:41.823080+00:00,SUCCESS,globetrack-raw-data-lake,ap-south-1
chunk_0050.csv,s3://globetrack-raw-data-lake/iot-sensor-data/large-dataset/chunk_0050.csv,iot-sensor-data,1561903,2026-04-06T13:50:56+00:00,2026-04-06T14:05:41.823080+00:00,SUCCESS,globetrack-raw-data-lake,ap-south-1
chunk_0051.csv,s3://globetrack-raw-data-lake/iot-sensor-data/large-dataset/chunk_0051.csv,iot-sensor-data,1561864,2026-04-06T13:50:57+00:00,2026-04-06T14:05:41.823080+00:00,SUCCESS,globetrack-raw-data-lake,ap-south-1
chunk_0052.csv,s3://globetrack-raw-data-lake/iot-sensor-data/large-dataset/chunk_0052.csv,iot-sensor-data,1562089,2026-04-06T13:50:57+00:00,2026-04-06T14:05:41.823080+00:00,SUCCESS,globetrack-raw-data-lake,ap-south-1
chunk_0053.csv,s3://globetrack-raw-data-lake/iot-sensor-data/large-dataset/chunk_0053.csv,iot-sensor-data,1562799,2026-04-06T13:50:57+00:00,2026-04-06T14:05:41.823080+00:00,SUCCESS,globetrack-raw-data-lake,ap-south-1
chunk_0054.csv,s3://globetrack-raw-data-lake/iot-sensor-data/large-dataset/chunk_0054.csv,iot-sensor-data,1562379,2026-04-06T13:50:58+00:00,2026-04-06T14:05:41.823080+00:00,SUCCESS,globetrack-raw-data-lake,ap-south-1
chunk_0055.csv,s3://globetrack-raw-data-lake/iot-sensor-data/large-dataset/chunk_0055.csv,iot-sensor-data,1561867,2026-04-06T13:50:58+00:00,2026-04-06T14:05:41.823080+00:00,SUCCESS,globetrack-raw-data-lake,ap-south-1
chunk_0056.csv,s3://globetrack-raw-data-lake/iot-sensor-data/large-dataset/chunk_0056.csv,iot-sensor-data,1562390,2026-04-06T13:50:58+00:00,2026-04-06T14:05:41.823080+00:00,SUCCESS,globetrack-raw-data-lake,ap-south-1
chunk_0057.csv,s3://globetrack-raw-data-lake/iot-sensor-data/large-dataset/chunk_0057.csv,iot-sensor-data,1562636,2026-04-06T13:50:59+00:00,2026-04-06T14:05:41.823080+00:00,SUCCESS,globetrack-raw-data-lake,ap-south-1
chunk_0058.csv,s3://globetrack-raw-data-lake/iot-sensor-data/large-dataset/chunk_0058.csv,iot-sensor-data,1561971,2026-04-06T13:50:59+00:00,2026-04-06T14:05:41.823080+00:00,SUCCESS,globetrack-raw-data-lake,ap-south-1
chunk_0059.csv,s3://globetrack-raw-data-lake/iot-sensor-data/large-dataset/chunk_0059.csv,iot-sensor-data,1562165,2026-04-06T13:50:59+00:00,2026-04-06T14:05:41.823080+00:00,SUCCESS,globetrack-raw-data-lake,ap-south-1
chunk_0060.csv,s3://globetrack-raw-data-lake/iot-sensor-data/large-dataset/chunk_0060.csv,iot-sensor-data,1562396,2026-04-06T13:50:59+00:00,2026-04-06T14:05:41.823080+00:00,SUCCESS,globetrack-raw-data-lake,ap-south-1
BK1447212_140136058751.json,s3://globetrack-raw-data-lake/booking-logs/2026/04/06/BK1447212_140136058751.json,booking-logs,588,2026-04-06T14:01:37+00:00,2026-04-06T14:05:41.875623+00:00,SUCCESS,globetrack-raw-data-lake,ap-south-1
BK1461050_140138358560.json,s3://globetrack-raw-data-lake/booking-logs/2026/04/06/BK1461050_140138358560.json,booking-logs,579,2026-04-06T14:01:39+00:00,2026-04-06T14:05:41.875623+00:00,SUCCESS,globetrack-raw-data-lake,ap-south-1
BK2066376_140136091943.json,s3://globetrack-raw-data-lake/booking-logs/2026/04/06/BK2066376_140136091943.json,booking-logs,589,2026-04-06T14:01:37+00:00,2026-04-06T14:05:41.875623+00:00,SUCCESS,globetrack-raw-data-lake,ap-south-1
BK2123493_140130912830.json,s3://globetrack-raw-data-lake/booking-logs/2026/04/06/BK2123493_140130912830.json,booking-logs,582,2026-04-06T14:01:32+00:00,2026-04-06T14:05:41.875623+00:00,SUCCESS,globetrack-raw-data-lake,ap-south-1
BK2193180_140133609065.json,s3://globetrack-raw-data-lake/booking-logs/2026/04/06/BK2193180_140133609065.json,booking-logs,580,2026-04-06T14:01:35+00:00,2026-04-06T14:05:41.875623+00:00,SUCCESS,globetrack-raw-data-lake,ap-south-1
BK2284619_140136008767.json,s3://globetrack-raw-data-lake/booking-logs/2026/04/06/BK2284619_140136008767.json,booking-logs,596,2026-04-06T14:01:37+00:00,2026-04-06T14:05:41.875623+00:00,SUCCESS,globetrack-raw-data-lake,ap-south-1
BK2547091_140130375777.json,s3://globetrack-raw-data-lake/booking-logs/2026/04/06/BK2547091_140130375777.json,booking-logs,586,2026-04-06T14:01:32+00:00,2026-04-06T14:05:41.875623+00:00,SUCCESS,globetrack-raw-data-lake,ap-south-1
BK2941132_140138407838.json,s3://globetrack-raw-data-lake/booking-logs/2026/04/06/BK2941132_140138407838.json,booking-logs,583,2026-04-06T14:01:39+00:00,2026-04-06T14:05:41.875623+00:00,SUCCESS,globetrack-raw-data-lake,ap-south-1
BK2950362_140140581602.json,s3://globetrack-raw-data-lake/booking-logs/2026/04/06/BK2950362_140140581602.json,booking-logs,589,2026-04-06T14:01:42+00:00,2026-04-06T14:05:41.875623+00:00,SUCCESS,globetrack-raw-data-lake,ap-south-1
BK3141520_140140708675.json,s3://globetrack-raw-data-lake/booking-logs/2026/04/06/BK3141520_140140708675.json,booking-logs,593,2026-04-06T14:01:42+00:00,2026-04-06T14:05:41.875623+00:00,SUCCESS,globetrack-raw-data-lake,ap-south-1
BK3213644_140140659322.json,s3://globetrack-raw-data-lake/booking-logs/2026/04/06/BK3213644_140140659322.json,booking-logs,586,2026-04-06T14:01:42+00:00,2026-04-06T14:05:41.875623+00:00,SUCCESS,globetrack-raw-data-lake,ap-south-1
BK3289743_140140626162.json,s3://globetrack-raw-data-lake/booking-logs/2026/04/06/BK3289743_140140626162.json,booking-logs,584,2026-04-06T14:01:42+00:00,2026-04-06T14:05:41.875623+00:00,SUCCESS,globetrack-raw-data-lake,ap-south-1
BK3333926_140140875346.json,s3://globetrack-raw-data-lake/booking-logs/2026/04/06/BK3333926_140140875346.json,booking-logs,585,2026-04-06T14:01:42+00:00,2026-04-06T14:05:41.875623+00:00,SUCCESS,globetrack-raw-data-lake,ap-south-1
BK3501172_140131176861.json,s3://globetrack-raw-data-lake/booking-logs/2026/04/06/BK3501172_140131176861.json,booking-logs,582,2026-04-06T14:01:32+00:00,2026-04-06T14:05:41.875623+00:00,SUCCESS,globetrack-raw-data-lake,ap-south-1
BK3555289_140138442137.json,s3://globetrack-raw-data-lake/booking-logs/2026/04/06/BK3555289_140138442137.json,booking-logs,595,2026-04-06T14:01:40+00:00,2026-04-06T14:05:41.875623+00:00,SUCCESS,globetrack-raw-data-lake,ap-south-1
BK3563731_140131075061.json,s3://globetrack-raw-data-lake/booking-logs/2026/04/06/BK3563731_140131075061.json,booking-logs,584,2026-04-06T14:01:32+00:00,2026-04-06T14:05:41.875623+00:00,SUCCESS,globetrack-raw-data-lake,ap-south-1
BK3680673_140135792268.json,s3://globetrack-raw-data-lake/booking-logs/2026/04/06/BK3680673_140135792268.json,booking-logs,585,2026-04-06T14:01:37+00:00,2026-04-06T14:05:41.875623+00:00,SUCCESS,globetrack-raw-data-lake,ap-south-1
BK3737955_140135700513.json,s3://globetrack-raw-data-lake/booking-logs/2026/04/06/BK3737955_140135700513.json,booking-logs,602,2026-04-06T14:01:37+00:00,2026-04-06T14:05:41.875623+00:00,SUCCESS,globetrack-raw-data-lake,ap-south-1
BK3816378_140133392085.json,s3://globetrack-raw-data-lake/booking-logs/2026/04/06/BK3816378_140133392085.json,booking-logs,583,2026-04-06T14:01:34+00:00,2026-04-06T14:05:41.875623+00:00,SUCCESS,globetrack-raw-data-lake,ap-south-1
BK3927452_140135758497.json,s3://globetrack-raw-data-lake/booking-logs/2026/04/06/BK3927452_140135758497.json,booking-logs,578,2026-04-06T14:01:37+00:00,2026-04-06T14:05:41.875623+00:00,SUCCESS,globetrack-raw-data-lake,ap-south-1
BK4504452_140133309501.json,s3://globetrack-raw-data-lake/booking-logs/2026/04/06/BK4504452_140133309501.json,booking-logs,578,2026-04-06T14:01:34+00:00,2026-04-06T14:05:41.875623+00:00,SUCCESS,globetrack-raw-data-lake,ap-south-1
BK4597227_140140957939.json,s3://globetrack-raw-data-lake/booking-logs/2026/04/06/BK4597227_140140957939.json,booking-logs,584,2026-04-06T14:01:42+00:00,2026-04-06T14:05:41.875623+00:00,SUCCESS,globetrack-raw-data-lake,ap-south-1
BK4963130_140133265979.json,s3://globetrack-raw-data-lake/booking-logs/2026/04/06/BK4963130_140133265979.json,booking-logs,582,2026-04-06T14:01:34+00:00,2026-04-06T14:05:41.875623+00:00,SUCCESS,globetrack-raw-data-lake,ap-south-1
BK5019185_140140841903.json,s3://globetrack-raw-data-lake/booking-logs/2026/04/06/BK5019185_140140841903.json,booking-logs,591,2026-04-06T14:01:42+00:00,2026-04-06T14:05:41.875623+00:00,SUCCESS,globetrack-raw-data-lake,ap-south-1
BK5360530_140133480970.json,s3://globetrack-raw-data-lake/booking-logs/2026/04/06/BK5360530_140133480970.json,booking-logs,587,2026-04-06T14:01:35+00:00,2026-04-06T14:05:41.875623+00:00,SUCCESS,globetrack-raw-data-lake,ap-south-1
BK5585779_140140924566.json,s3://globetrack-raw-data-lake/booking-logs/2026/04/06/BK5585779_140140924566.json,booking-logs,595,2026-04-06T14:01:42+00:00,2026-04-06T14:05:41.875623+00:00,SUCCESS,globetrack-raw-data-lake,ap-south-1
BK5742559_140138524606.json,s3://globetrack-raw-data-lake/booking-logs/2026/04/06/BK5742559_140138524606.json,booking-logs,591,2026-04-06T14:01:40+00:00,2026-04-06T14:05:41.875623+00:00,SUCCESS,globetrack-raw-data-lake,ap-south-1
BK5757155_140133524081.json,s3://globetrack-raw-data-lake/booking-logs/2026/04/06/BK5757155_140133524081.json,booking-logs,590,2026-04-06T14:01:35+00:00,2026-04-06T14:05:41.875623+00:00,SUCCESS,globetrack-raw-data-lake,ap-south-1
BK5961121_140135925569.json,s3://globetrack-raw-data-lake/booking-logs/2026/04/06/BK5961121_140135925569.json,booking-logs,579,2026-04-06T14:01:37+00:00,2026-04-06T14:05:41.875623+00:00,SUCCESS,globetrack-raw-data-lake,ap-south-1
BK6563020_140133358562.json,s3://globetrack-raw-data-lake/booking-logs/2026/04/06/BK6563020_140133358562.json,booking-logs,586,2026-04-06T14:01:34+00:00,2026-04-06T14:05:41.875623+00:00,SUCCESS,globetrack-raw-data-lake,ap-south-1
BK6657255_140130803052.json,s3://globetrack-raw-data-lake/booking-logs/2026/04/06/BK6657255_140130803052.json,booking-logs,588,2026-04-06T14:01:32+00:00,2026-04-06T14:05:41.875623+00:00,SUCCESS,globetrack-raw-data-lake,ap-south-1
BK7170565_140135974668.json,s3://globetrack-raw-data-lake/booking-logs/2026/04/06/BK7170565_140135974668.json,booking-logs,579,2026-04-06T14:01:37+00:00,2026-04-06T14:05:41.875623+00:00,SUCCESS,globetrack-raw-data-lake,ap-south-1
BK7297796_140138151786.json,s3://globetrack-raw-data-lake/booking-logs/2026/04/06/BK7297796_140138151786.json,booking-logs,594,2026-04-06T14:01:39+00:00,2026-04-06T14:05:41.875623+00:00,SUCCESS,globetrack-raw-data-lake,ap-south-1
BK7330009_140138275757.json,s3://globetrack-raw-data-lake/booking-logs/2026/04/06/BK7330009_140138275757.json,booking-logs,586,2026-04-06T14:01:39+00:00,2026-04-06T14:05:41.875623+00:00,SUCCESS,globetrack-raw-data-lake,ap-south-1
BK7634875_140131041828.json,s3://globetrack-raw-data-lake/booking-logs/2026/04/06/BK7634875_140131041828.json,booking-logs,578,2026-04-06T14:01:32+00:00,2026-04-06T14:05:41.875623+00:00,SUCCESS,globetrack-raw-data-lake,ap-south-1
BK7840781_140133559048.json,s3://globetrack-raw-data-lake/booking-logs/2026/04/06/BK7840781_140133559048.json,booking-logs,590,2026-04-06T14:01:35+00:00,2026-04-06T14:05:41.875623+00:00,SUCCESS,globetrack-raw-data-lake,ap-south-1
BK7934054_140138193374.json,s3://globetrack-raw-data-lake/booking-logs/2026/04/06/BK7934054_140138193374.json,booking-logs,586,2026-04-06T14:01:39+00:00,2026-04-06T14:05:41.875623+00:00,SUCCESS,globetrack-raw-data-lake,ap-south-1
BK7987506_140130853485.json,s3://globetrack-raw-data-lake/booking-logs/2026/04/06/BK7987506_140130853485.json,booking-logs,587,2026-04-06T14:01:32+00:00,2026-04-06T14:05:41.875623+00:00,SUCCESS,globetrack-raw-data-lake,ap-south-1
BK8024379_140130999332.json,s3://globetrack-raw-data-lake/booking-logs/2026/04/06/BK8024379_140130999332.json,booking-logs,588,2026-04-06T14:01:32+00:00,2026-04-06T14:05:41.875623+00:00,SUCCESS,globetrack-raw-data-lake,ap-south-1
BK8110967_140140756784.json,s3://globetrack-raw-data-lake/booking-logs/2026/04/06/BK8110967_140140756784.json,booking-logs,579,2026-04-06T14:01:42+00:00,2026-04-06T14:05:41.875623+00:00,SUCCESS,globetrack-raw-data-lake,ap-south-1
BK8193117_140140798937.json,s3://globetrack-raw-data-lake/booking-logs/2026/04/06/BK8193117_140140798937.json,booking-logs,594,2026-04-06T14:01:42+00:00,2026-04-06T14:05:41.875623+00:00,SUCCESS,globetrack-raw-data-lake,ap-south-1
BK8258075_140138243185.json,s3://globetrack-raw-data-lake/booking-logs/2026/04/06/BK8258075_140138243185.json,booking-logs,585,2026-04-06T14:01:39+00:00,2026-04-06T14:05:41.875623+00:00,SUCCESS,globetrack-raw-data-lake,ap-south-1
BK8467051_140138324771.json,s3://globetrack-raw-data-lake/booking-logs/2026/04/06/BK8467051_140138324771.json,booking-logs,589,2026-04-06T14:01:39+00:00,2026-04-06T14:05:41.875623+00:00,SUCCESS,globetrack-raw-data-lake,ap-south-1
BK8929125_140135890285.json,s3://globetrack-raw-data-lake/booking-logs/2026/04/06/BK8929125_140135890285.json,booking-logs,574,2026-04-06T14:01:37+00:00,2026-04-06T14:05:41.875623+00:00,SUCCESS,globetrack-raw-data-lake,ap-south-1
BK9288644_140135842887.json,s3://globetrack-raw-data-lake/booking-logs/2026/04/06/BK9288644_140135842887.json,booking-logs,595,2026-04-06T14:01:37+00:00,2026-04-06T14:05:41.875623+00:00,SUCCESS,globetrack-raw-data-lake,ap-south-1
BK9644285_140131125246.json,s3://globetrack-raw-data-lake/booking-logs/2026/04/06/BK9644285_140131125246.json,booking-logs,580,2026-04-06T14:01:32+00:00,2026-04-06T14:05:41.875623+00:00,SUCCESS,globetrack-raw-data-lake,ap-south-1
BK9716977_140130957926.json,s3://globetrack-raw-data-lake/booking-logs/2026/04/06/BK9716977_140130957926.json,booking-logs,579,2026-04-06T14:01:32+00:00,2026-04-06T14:05:41.875623+00:00,SUCCESS,globetrack-raw-data-lake,ap-south-1
BK9743089_140133220211.json,s3://globetrack-raw-data-lake/booking-logs/2026/04/06/BK9743089_140133220211.json,booking-logs,576,2026-04-06T14:01:34+00:00,2026-04-06T14:05:41.875623+00:00,SUCCESS,globetrack-raw-data-lake,ap-south-1
BK9894657_140133658099.json,s3://globetrack-raw-data-lake/booking-logs/2026/04/06/BK9894657_140133658099.json,booking-logs,586,2026-04-06T14:01:35+00:00,2026-04-06T14:05:41.875623+00:00,SUCCESS,globetrack-raw-data-lake,ap-south-1
BK9931847_140138494902.json,s3://globetrack-raw-data-lake/booking-logs/2026/04/06/BK9931847_140138494902.json,booking-logs,587,2026-04-06T14:01:40+00:00,2026-04-06T14:05:41.875623+00:00,SUCCESS,globetrack-raw-data-lake,ap-south-1
chunk_0001.csv,s3://globetrack-raw-data-lake/booking-logs/large-dataset/chunk_0001.csv,booking-logs,1700098,2026-04-06T13:51:00+00:00,2026-04-06T14:05:41.875623+00:00,SUCCESS,globetrack-raw-data-lake,ap-south-1
chunk_0002.csv,s3://globetrack-raw-data-lake/booking-logs/large-dataset/chunk_0002.csv,booking-logs,1699734,2026-04-06T13:51:00+00:00,2026-04-06T14:05:41.875623+00:00,SUCCESS,globetrack-raw-data-lake,ap-south-1
chunk_0003.csv,s3://globetrack-raw-data-lake/booking-logs/large-dataset/chunk_0003.csv,booking-logs,1700467,2026-04-06T13:51:01+00:00,2026-04-06T14:05:41.875623+00:00,SUCCESS,globetrack-raw-data-lake,ap-south-1
chunk_0004.csv,s3://globetrack-raw-data-lake/booking-logs/large-dataset/chunk_0004.csv,booking-logs,1701236,2026-04-06T13:51:01+00:00,2026-04-06T14:05:41.875623+00:00,SUCCESS,globetrack-raw-data-lake,ap-south-1
chunk_0005.csv,s3://globetrack-raw-data-lake/booking-logs/large-dataset/chunk_0005.csv,booking-logs,1700604,2026-04-06T13:51:02+00:00,2026-04-06T14:05:41.875623+00:00,SUCCESS,globetrack-raw-data-lake,ap-south-1
chunk_0006.csv,s3://globetrack-raw-data-lake/booking-logs/large-dataset/chunk_0006.csv,booking-logs,1700215,2026-04-06T13:51:02+00:00,2026-04-06T14:05:41.875623+00:00,SUCCESS,globetrack-raw-data-lake,ap-south-1
chunk_0007.csv,s3://globetrack-raw-data-lake/booking-logs/large-dataset/chunk_0007.csv,booking-logs,1699362,2026-04-06T13:51:03+00:00,2026-04-06T14:05:41.875623+00:00,SUCCESS,globetrack-raw-data-lake,ap-south-1
chunk_0008.csv,s3://globetrack-raw-data-lake/booking-logs/large-dataset/chunk_0008.csv,booking-logs,1700359,2026-04-06T13:51:03+00:00,2026-04-06T14:05:41.875623+00:00,SUCCESS,globetrack-raw-data-lake,ap-south-1
chunk_0009.csv,s3://globetrack-raw-data-lake/booking-logs/large-dataset/chunk_0009.csv,booking-logs,1699876,2026-04-06T13:51:04+00:00,2026-04-06T14:05:41.875623+00:00,SUCCESS,globetrack-raw-data-lake,ap-south-1
chunk_0010.csv,s3://globetrack-raw-data-lake/booking-logs/large-dataset/chunk_0010.csv,booking-logs,1700017,2026-04-06T13:51:04+00:00,2026-04-06T14:05:41.875623+00:00,SUCCESS,globetrack-raw-data-lake,ap-south-1
chunk_0011.csv,s3://globetrack-raw-data-lake/booking-logs/large-dataset/chunk_0011.csv,booking-logs,1699731,2026-04-06T13:51:05+00:00,2026-04-06T14:05:41.875623+00:00,SUCCESS,globetrack-raw-data-lake,ap-south-1
chunk_0012.csv,s3://globetrack-raw-data-lake/booking-logs/large-dataset/chunk_0012.csv,booking-logs,1699608,2026-04-06T13:51:05+00:00,2026-04-06T14:05:41.875623+00:00,SUCCESS,globetrack-raw-data-lake,ap-south-1
chunk_0013.csv,s3://globetrack-raw-data-lake/booking-logs/large-dataset/chunk_0013.csv,booking-logs,1699876,2026-04-06T13:51:05+00:00,2026-04-06T14:05:41.875623+00:00,SUCCESS,globetrack-raw-data-lake,ap-south-1
chunk_0014.csv,s3://globetrack-raw-data-lake/booking-logs/large-dataset/chunk_0014.csv,booking-logs,1700455,2026-04-06T13:51:06+00:00,2026-04-06T14:05:41.875623+00:00,SUCCESS,globetrack-raw-data-lake,ap-south-1
chunk_0015.csv,s3://globetrack-raw-data-lake/booking-logs/large-dataset/chunk_0015.csv,booking-logs,1699929,2026-04-06T13:51:06+00:00,2026-04-06T14:05:41.875623+00:00,SUCCESS,globetrack-raw-data-lake,ap-south-1
chunk_0016.csv,s3://globetrack-raw-data-lake/booking-logs/large-dataset/chunk_0016.csv,booking-logs,1701186,2026-04-06T13:51:07+00:00,2026-04-06T14:05:41.875623+00:00,SUCCESS,globetrack-raw-data-lake,ap-south-1
chunk_0017.csv,s3://globetrack-raw-data-lake/booking-logs/large-dataset/chunk_0017.csv,booking-logs,1700527,2026-04-06T13:51:07+00:00,2026-04-06T14:05:41.875623+00:00,SUCCESS,globetrack-raw-data-lake,ap-south-1
chunk_0018.csv,s3://globetrack-raw-data-lake/booking-logs/large-dataset/chunk_0018.csv,booking-logs,1700035,2026-04-06T13:51:08+00:00,2026-04-06T14:05:41.875623+00:00,SUCCESS,globetrack-raw-data-lake,ap-south-1
chunk_0019.csv,s3://globetrack-raw-data-lake/booking-logs/large-dataset/chunk_0019.csv,booking-logs,1699958,2026-04-06T13:51:08+00:00,2026-04-06T14:05:41.875623+00:00,SUCCESS,globetrack-raw-data-lake,ap-south-1
chunk_0020.csv,s3://globetrack-raw-data-lake/booking-logs/large-dataset/chunk_0020.csv,booking-logs,1701164,2026-04-06T13:51:09+00:00,2026-04-06T14:05:41.875623+00:00,SUCCESS,globetrack-raw-data-lake,ap-south-1
chunk_0021.csv,s3://globetrack-raw-data-lake/booking-logs/large-dataset/chunk_0021.csv,booking-logs,1699494,2026-04-06T13:51:09+00:00,2026-04-06T14:05:41.875623+00:00,SUCCESS,globetrack-raw-data-lake,ap-south-1
chunk_0022.csv,s3://globetrack-raw-data-lake/booking-logs/large-dataset/chunk_0022.csv,booking-logs,1700949,2026-04-06T13:51:10+00:00,2026-04-06T14:05:41.875623+00:00,SUCCESS,globetrack-raw-data-lake,ap-south-1
chunk_0023.csv,s3://globetrack-raw-data-lake/booking-logs/large-dataset/chunk_0023.csv,booking-logs,1700432,2026-04-06T13:51:10+00:00,2026-04-06T14:05:41.875623+00:00,SUCCESS,globetrack-raw-data-lake,ap-south-1
chunk_0024.csv,s3://globetrack-raw-data-lake/booking-logs/large-dataset/chunk_0024.csv,booking-logs,1700235,2026-04-06T13:51:11+00:00,2026-04-06T14:05:41.875623+00:00,SUCCESS,globetrack-raw-data-lake,ap-south-1
chunk_0025.csv,s3://globetrack-raw-data-lake/booking-logs/large-dataset/chunk_0025.csv,booking-logs,1700795,2026-04-06T13:51:11+00:00,2026-04-06T14:05:41.875623+00:00,SUCCESS,globetrack-raw-data-lake,ap-south-1
chunk_0026.csv,s3://globetrack-raw-data-lake/booking-logs/large-dataset/chunk_0026.csv,booking-logs,1699862,2026-04-06T13:51:12+00:00,2026-04-06T14:05:41.875623+00:00,SUCCESS,globetrack-raw-data-lake,ap-south-1
chunk_0027.csv,s3://globetrack-raw-data-lake/booking-logs/large-dataset/chunk_0027.csv,booking-logs,1700005,2026-04-06T13:51:12+00:00,2026-04-06T14:05:41.875623+00:00,SUCCESS,globetrack-raw-data-lake,ap-south-1
chunk_0028.csv,s3://globetrack-raw-data-lake/booking-logs/large-dataset/chunk_0028.csv,booking-logs,1700362,2026-04-06T13:51:13+00:00,2026-04-06T14:05:41.875623+00:00,SUCCESS,globetrack-raw-data-lake,ap-south-1
chunk_0029.csv,s3://globetrack-raw-data-lake/booking-logs/large-dataset/chunk_0029.csv,booking-logs,1701242,2026-04-06T13:51:13+00:00,2026-04-06T14:05:41.875623+00:00,SUCCESS,globetrack-raw-data-lake,ap-south-1
chunk_0030.csv,s3://globetrack-raw-data-lake/booking-logs/large-dataset/chunk_0030.csv,booking-logs,1698672,2026-04-06T13:51:14+00:00,2026-04-06T14:05:41.875623+00:00,SUCCESS,globetrack-raw-data-lake,ap-south-1
chunk_0031.csv,s3://globetrack-raw-data-lake/booking-logs/large-dataset/chunk_0031.csv,booking-logs,1699541,2026-04-06T13:51:14+00:00,2026-04-06T14:05:41.875623+00:00,SUCCESS,globetrack-raw-data-lake,ap-south-1
chunk_0032.csv,s3://globetrack-raw-data-lake/booking-logs/large-dataset/chunk_0032.csv,booking-logs,1700397,2026-04-06T13:51:15+00:00,2026-04-06T14:05:41.875623+00:00,SUCCESS,globetrack-raw-data-lake,ap-south-1
chunk_0033.csv,s3://globetrack-raw-data-lake/booking-logs/large-dataset/chunk_0033.csv,booking-logs,1699893,2026-04-06T13:51:15+00:00,2026-04-06T14:05:41.875623+00:00,SUCCESS,globetrack-raw-data-lake,ap-south-1
chunk_0034.csv,s3://globetrack-raw-data-lake/booking-logs/large-dataset/chunk_0034.csv,booking-logs,1699707,2026-04-06T13:51:15+00:00,2026-04-06T14:05:41.875623+00:00,SUCCESS,globetrack-raw-data-lake,ap-south-1
chunk_0035.csv,s3://globetrack-raw-data-lake/booking-logs/large-dataset/chunk_0035.csv,booking-logs,1700554,2026-04-06T13:51:16+00:00,2026-04-06T14:05:41.875623+00:00,SUCCESS,globetrack-raw-data-lake,ap-south-1
chunk_0036.csv,s3://globetrack-raw-data-lake/booking-logs/large-dataset/chunk_0036.csv,booking-logs,1699745,2026-04-06T13:51:16+00:00,2026-04-06T14:05:41.875623+00:00,SUCCESS,globetrack-raw-data-lake,ap-south-1
chunk_0037.csv,s3://globetrack-raw-data-lake/booking-logs/large-dataset/chunk_0037.csv,booking-logs,1698871,2026-04-06T13:51:17+00:00,2026-04-06T14:05:41.875623+00:00,SUCCESS,globetrack-raw-data-lake,ap-south-1
chunk_0038.csv,s3://globetrack-raw-data-lake/booking-logs/large-dataset/chunk_0038.csv,booking-logs,1700520,2026-04-06T13:51:17+00:00,2026-04-06T14:05:41.875623+00:00,SUCCESS,globetrack-raw-data-lake,ap-south-1
chunk_0039.csv,s3://globetrack-raw-data-lake/booking-logs/large-dataset/chunk_0039.csv,booking-logs,1701635,2026-04-06T13:51:18+00:00,2026-04-06T14:05:41.875623+00:00,SUCCESS,globetrack-raw-data-lake,ap-south-1
chunk_0040.csv,s3://globetrack-raw-data-lake/booking-logs/large-dataset/chunk_0040.csv,booking-logs,1700025,2026-04-06T13:51:18+00:00,2026-04-06T14:05:41.875623+00:00,SUCCESS,globetrack-raw-data-lake,ap-south-1
chunk_0041.csv,s3://globetrack-raw-data-lake/booking-logs/large-dataset/chunk_0041.csv,booking-logs,1699226,2026-04-06T13:51:20+00:00,2026-04-06T14:05:41.875623+00:00,SUCCESS,globetrack-raw-data-lake,ap-south-1
chunk_0042.csv,s3://globetrack-raw-data-lake/booking-logs/large-dataset/chunk_0042.csv,booking-logs,1700596,2026-04-06T13:51:20+00:00,2026-04-06T14:05:41.875623+00:00,SUCCESS,globetrack-raw-data-lake,ap-south-1
chunk_0043.csv,s3://globetrack-raw-data-lake/booking-logs/large-dataset/chunk_0043.csv,booking-logs,1699586,2026-04-06T13:51:21+00:00,2026-04-06T14:05:41.875623+00:00,SUCCESS,globetrack-raw-data-lake,ap-south-1
chunk_0044.csv,s3://globetrack-raw-data-lake/booking-logs/large-dataset/chunk_0044.csv,booking-logs,1700248,2026-04-06T13:51:21+00:00,2026-04-06T14:05:41.875623+00:00,SUCCESS,globetrack-raw-data-lake,ap-south-1
chunk_0045.csv,s3://globetrack-raw-data-lake/booking-logs/large-dataset/chunk_0045.csv,booking-logs,1700196,2026-04-06T13:51:22+00:00,2026-04-06T14:05:41.875623+00:00,SUCCESS,globetrack-raw-data-lake,ap-south-1
chunk_0046.csv,s3://globetrack-raw-data-lake/booking-logs/large-dataset/chunk_0046.csv,booking-logs,1700102,2026-04-06T13:51:22+00:00,2026-04-06T14:05:41.875623+00:00,SUCCESS,globetrack-raw-data-lake,ap-south-1
chunk_0047.csv,s3://globetrack-raw-data-lake/booking-logs/large-dataset/chunk_0047.csv,booking-logs,1699950,2026-04-06T13:51:23+00:00,2026-04-06T14:05:41.875623+00:00,SUCCESS,globetrack-raw-data-lake,ap-south-1
chunk_0048.csv,s3://globetrack-raw-data-lake/booking-logs/large-dataset/chunk_0048.csv,booking-logs,1700256,2026-04-06T13:51:23+00:00,2026-04-06T14:05:41.875623+00:00,SUCCESS,globetrack-raw-data-lake,ap-south-1
chunk_0049.csv,s3://globetrack-raw-data-lake/booking-logs/large-dataset/chunk_0049.csv,booking-logs,1700635,2026-04-06T13:51:24+00:00,2026-04-06T14:05:41.875623+00:00,SUCCESS,globetrack-raw-data-lake,ap-south-1
chunk_0050.csv,s3://globetrack-raw-data-lake/booking-logs/large-dataset/chunk_0050.csv,booking-logs,1701180,2026-04-06T13:51:24+00:00,2026-04-06T14:05:41.875623+00:00,SUCCESS,globetrack-raw-data-lake,ap-south-1
chunk_0051.csv,s3://globetrack-raw-data-lake/booking-logs/large-dataset/chunk_0051.csv,booking-logs,1700047,2026-04-06T13:51:25+00:00,2026-04-06T14:05:41.875623+00:00,SUCCESS,globetrack-raw-data-lake,ap-south-1
chunk_0052.csv,s3://globetrack-raw-data-lake/booking-logs/large-dataset/chunk_0052.csv,booking-logs,1699849,2026-04-06T13:51:25+00:00,2026-04-06T14:05:41.875623+00:00,SUCCESS,globetrack-raw-data-lake,ap-south-1
chunk_0053.csv,s3://globetrack-raw-data-lake/booking-logs/large-dataset/chunk_0053.csv,booking-logs,1700464,2026-04-06T13:51:26+00:00,2026-04-06T14:05:41.875623+00:00,SUCCESS,globetrack-raw-data-lake,ap-south-1
chunk_0054.csv,s3://globetrack-raw-data-lake/booking-logs/large-dataset/chunk_0054.csv,booking-logs,1699606,2026-04-06T13:51:26+00:00,2026-04-06T14:05:41.875623+00:00,SUCCESS,globetrack-raw-data-lake,ap-south-1
chunk_0055.csv,s3://globetrack-raw-data-lake/booking-logs/large-dataset/chunk_0055.csv,booking-logs,1700075,2026-04-06T13:51:27+00:00,2026-04-06T14:05:41.875623+00:00,SUCCESS,globetrack-raw-data-lake,ap-south-1
chunk_0056.csv,s3://globetrack-raw-data-lake/booking-logs/large-dataset/chunk_0056.csv,booking-logs,1700431,2026-04-06T13:51:27+00:00,2026-04-06T14:05:41.875623+00:00,SUCCESS,globetrack-raw-data-lake,ap-south-1
chunk_0057.csv,s3://globetrack-raw-data-lake/booking-logs/large-dataset/chunk_0057.csv,booking-logs,1700432,2026-04-06T13:51:28+00:00,2026-04-06T14:05:41.875623+00:00,SUCCESS,globetrack-raw-data-lake,ap-south-1
chunk_0058.csv,s3://globetrack-raw-data-lake/booking-logs/large-dataset/chunk_0058.csv,booking-logs,1699778,2026-04-06T13:51:28+00:00,2026-04-06T14:05:41.875623+00:00,SUCCESS,globetrack-raw-data-lake,ap-south-1
chunk_0059.csv,s3://globetrack-raw-data-lake/booking-logs/large-dataset/chunk_0059.csv,booking-logs,1700361,2026-04-06T13:51:29+00:00,2026-04-06T14:05:41.875623+00:00,SUCCESS,globetrack-raw-data-lake,ap-south-1
chunk_0060.csv,s3://globetrack-raw-data-lake/booking-logs/large-dataset/chunk_0060.csv,booking-logs,1700419,2026-04-06T13:51:29+00:00,2026-04-06T14:05:41.875623+00:00,SUCCESS,globetrack-raw-data-lake,ap-south-1
Aurangabad_140355092385.json,s3://globetrack-raw-data-lake/weather-data/2026/04/06/Aurangabad_140355092385.json,weather-data,497,2026-04-06T14:03:56+00:00,2026-04-06T14:05:41.915995+00:00,SUCCESS,globetrack-raw-data-lake,ap-south-1
Aurangabad_140357427302.json,s3://globetrack-raw-data-lake/weather-data/2026/04/06/Aurangabad_140357427302.json,weather-data,502,2026-04-06T14:03:59+00:00,2026-04-06T14:05:41.915995+00:00,SUCCESS,globetrack-raw-data-lake,ap-south-1
Aurangabad_140359763072.json,s3://globetrack-raw-data-lake/weather-data/2026/04/06/Aurangabad_140359763072.json,weather-data,494,2026-04-06T14:04:01+00:00,2026-04-06T14:05:41.915995+00:00,SUCCESS,globetrack-raw-data-lake,ap-south-1
Aurangabad_140402105850.json,s3://globetrack-raw-data-lake/weather-data/2026/04/06/Aurangabad_140402105850.json,weather-data,498,2026-04-06T14:04:03+00:00,2026-04-06T14:05:41.915995+00:00,SUCCESS,globetrack-raw-data-lake,ap-south-1
Aurangabad_140404470359.json,s3://globetrack-raw-data-lake/weather-data/2026/04/06/Aurangabad_140404470359.json,weather-data,500,2026-04-06T14:04:06+00:00,2026-04-06T14:05:41.915995+00:00,SUCCESS,globetrack-raw-data-lake,ap-south-1
Goa_140355171214.json,s3://globetrack-raw-data-lake/weather-data/2026/04/06/Goa_140355171214.json,weather-data,502,2026-04-06T14:03:56+00:00,2026-04-06T14:05:41.915995+00:00,SUCCESS,globetrack-raw-data-lake,ap-south-1
Goa_140357504547.json,s3://globetrack-raw-data-lake/weather-data/2026/04/06/Goa_140357504547.json,weather-data,493,2026-04-06T14:03:59+00:00,2026-04-06T14:05:41.915995+00:00,SUCCESS,globetrack-raw-data-lake,ap-south-1
Goa_140359855315.json,s3://globetrack-raw-data-lake/weather-data/2026/04/06/Goa_140359855315.json,weather-data,497,2026-04-06T14:04:01+00:00,2026-04-06T14:05:41.915995+00:00,SUCCESS,globetrack-raw-data-lake,ap-south-1
Goa_140402188911.json,s3://globetrack-raw-data-lake/weather-data/2026/04/06/Goa_140402188911.json,weather-data,493,2026-04-06T14:04:03+00:00,2026-04-06T14:05:41.915995+00:00,SUCCESS,globetrack-raw-data-lake,ap-south-1
Goa_140404539407.json,s3://globetrack-raw-data-lake/weather-data/2026/04/06/Goa_140404539407.json,weather-data,501,2026-04-06T14:04:06+00:00,2026-04-06T14:05:41.915995+00:00,SUCCESS,globetrack-raw-data-lake,ap-south-1
Kolhapur_140355122583.json,s3://globetrack-raw-data-lake/weather-data/2026/04/06/Kolhapur_140355122583.json,weather-data,500,2026-04-06T14:03:56+00:00,2026-04-06T14:05:41.915995+00:00,SUCCESS,globetrack-raw-data-lake,ap-south-1
Kolhapur_140357474490.json,s3://globetrack-raw-data-lake/weather-data/2026/04/06/Kolhapur_140357474490.json,weather-data,492,2026-04-06T14:03:59+00:00,2026-04-06T14:05:41.915995+00:00,SUCCESS,globetrack-raw-data-lake,ap-south-1
Kolhapur_140359806891.json,s3://globetrack-raw-data-lake/weather-data/2026/04/06/Kolhapur_140359806891.json,weather-data,506,2026-04-06T14:04:01+00:00,2026-04-06T14:05:41.915995+00:00,SUCCESS,globetrack-raw-data-lake,ap-south-1
Kolhapur_140402138557.json,s3://globetrack-raw-data-lake/weather-data/2026/04/06/Kolhapur_140402138557.json,weather-data,507,2026-04-06T14:04:03+00:00,2026-04-06T14:05:41.915995+00:00,SUCCESS,globetrack-raw-data-lake,ap-south-1
Kolhapur_140404504635.json,s3://globetrack-raw-data-lake/weather-data/2026/04/06/Kolhapur_140404504635.json,weather-data,499,2026-04-06T14:04:06+00:00,2026-04-06T14:05:41.915995+00:00,SUCCESS,globetrack-raw-data-lake,ap-south-1
Mumbai_140354615311.json,s3://globetrack-raw-data-lake/weather-data/2026/04/06/Mumbai_140354615311.json,weather-data,502,2026-04-06T14:03:56+00:00,2026-04-06T14:05:41.915995+00:00,SUCCESS,globetrack-raw-data-lake,ap-south-1
Mumbai_140357260390.json,s3://globetrack-raw-data-lake/weather-data/2026/04/06/Mumbai_140357260390.json,weather-data,506,2026-04-06T14:03:58+00:00,2026-04-06T14:05:41.915995+00:00,SUCCESS,globetrack-raw-data-lake,ap-south-1
Mumbai_140359597323.json,s3://globetrack-raw-data-lake/weather-data/2026/04/06/Mumbai_140359597323.json,weather-data,495,2026-04-06T14:04:01+00:00,2026-04-06T14:05:41.915995+00:00,SUCCESS,globetrack-raw-data-lake,ap-south-1
Mumbai_140401943600.json,s3://globetrack-raw-data-lake/weather-data/2026/04/06/Mumbai_140401943600.json,weather-data,506,2026-04-06T14:04:03+00:00,2026-04-06T14:05:41.915995+00:00,SUCCESS,globetrack-raw-data-lake,ap-south-1
Mumbai_140404284972.json,s3://globetrack-raw-data-lake/weather-data/2026/04/06/Mumbai_140404284972.json,weather-data,505,2026-04-06T14:04:05+00:00,2026-04-06T14:05:41.915995+00:00,SUCCESS,globetrack-raw-data-lake,ap-south-1
Nagpur_140355038467.json,s3://globetrack-raw-data-lake/weather-data/2026/04/06/Nagpur_140355038467.json,weather-data,500,2026-04-06T14:03:56+00:00,2026-04-06T14:05:41.915995+00:00,SUCCESS,globetrack-raw-data-lake,ap-south-1
Nagpur_140357388697.json,s3://globetrack-raw-data-lake/weather-data/2026/04/06/Nagpur_140357388697.json,weather-data,494,2026-04-06T14:03:58+00:00,2026-04-06T14:05:41.915995+00:00,SUCCESS,globetrack-raw-data-lake,ap-south-1
Nagpur_140359722416.json,s3://globetrack-raw-data-lake/weather-data/2026/04/06/Nagpur_140359722416.json,weather-data,504,2026-04-06T14:04:01+00:00,2026-04-06T14:05:41.915995+00:00,SUCCESS,globetrack-raw-data-lake,ap-south-1
Nagpur_140402070376.json,s3://globetrack-raw-data-lake/weather-data/2026/04/06/Nagpur_140402070376.json,weather-data,504,2026-04-06T14:04:03+00:00,2026-04-06T14:05:41.915995+00:00,SUCCESS,globetrack-raw-data-lake,ap-south-1
Nagpur_140404422459.json,s3://globetrack-raw-data-lake/weather-data/2026/04/06/Nagpur_140404422459.json,weather-data,495,2026-04-06T14:04:06+00:00,2026-04-06T14:05:41.915995+00:00,SUCCESS,globetrack-raw-data-lake,ap-south-1
Nashik_140355007835.json,s3://globetrack-raw-data-lake/weather-data/2026/04/06/Nashik_140355007835.json,weather-data,502,2026-04-06T14:03:56+00:00,2026-04-06T14:05:41.915995+00:00,SUCCESS,globetrack-raw-data-lake,ap-south-1
Nashik_140357340023.json,s3://globetrack-raw-data-lake/weather-data/2026/04/06/Nashik_140357340023.json,weather-data,503,2026-04-06T14:03:58+00:00,2026-04-06T14:05:41.915995+00:00,SUCCESS,globetrack-raw-data-lake,ap-south-1
Nashik_140359677604.json,s3://globetrack-raw-data-lake/weather-data/2026/04/06/Nashik_140359677604.json,weather-data,503,2026-04-06T14:04:01+00:00,2026-04-06T14:05:41.915995+00:00,SUCCESS,globetrack-raw-data-lake,ap-south-1
Nashik_140402022673.json,s3://globetrack-raw-data-lake/weather-data/2026/04/06/Nashik_140402022673.json,weather-data,505,2026-04-06T14:04:03+00:00,2026-04-06T14:05:41.915995+00:00,SUCCESS,globetrack-raw-data-lake,ap-south-1
Nashik_140404372705.json,s3://globetrack-raw-data-lake/weather-data/2026/04/06/Nashik_140404372705.json,weather-data,502,2026-04-06T14:04:05+00:00,2026-04-06T14:05:41.915995+00:00,SUCCESS,globetrack-raw-data-lake,ap-south-1
Pune_140354961610.json,s3://globetrack-raw-data-lake/weather-data/2026/04/06/Pune_140354961610.json,weather-data,496,2026-04-06T14:03:56+00:00,2026-04-06T14:05:41.915995+00:00,SUCCESS,globetrack-raw-data-lake,ap-south-1
Pune_140357304847.json,s3://globetrack-raw-data-lake/weather-data/2026/04/06/Pune_140357304847.json,weather-data,499,2026-04-06T14:03:58+00:00,2026-04-06T14:05:41.915995+00:00,SUCCESS,globetrack-raw-data-lake,ap-south-1
Pune_140359642256.json,s3://globetrack-raw-data-lake/weather-data/2026/04/06/Pune_140359642256.json,weather-data,498,2026-04-06T14:04:01+00:00,2026-04-06T14:05:41.915995+00:00,SUCCESS,globetrack-raw-data-lake,ap-south-1
Pune_140401988525.json,s3://globetrack-raw-data-lake/weather-data/2026/04/06/Pune_140401988525.json,weather-data,500,2026-04-06T14:04:03+00:00,2026-04-06T14:05:41.915995+00:00,SUCCESS,globetrack-raw-data-lake,ap-south-1
Pune_140404329586.json,s3://globetrack-raw-data-lake/weather-data/2026/04/06/Pune_140404329586.json,weather-data,490,2026-04-06T14:04:05+00:00,2026-04-06T14:05:41.915995+00:00,SUCCESS,globetrack-raw-data-lake,ap-south-1
Solapur_140355206014.json,s3://globetrack-raw-data-lake/weather-data/2026/04/06/Solapur_140355206014.json,weather-data,499,2026-04-06T14:03:56+00:00,2026-04-06T14:05:41.915995+00:00,SUCCESS,globetrack-raw-data-lake,ap-south-1
Solapur_140357555295.json,s3://globetrack-raw-data-lake/weather-data/2026/04/06/Solapur_140357555295.json,weather-data,496,2026-04-06T14:03:59+00:00,2026-04-06T14:05:41.915995+00:00,SUCCESS,globetrack-raw-data-lake,ap-south-1
Solapur_140359888325.json,s3://globetrack-raw-data-lake/weather-data/2026/04/06/Solapur_140359888325.json,weather-data,499,2026-04-06T14:04:01+00:00,2026-04-06T14:05:41.915995+00:00,SUCCESS,globetrack-raw-data-lake,ap-south-1
Solapur_140402238975.json,s3://globetrack-raw-data-lake/weather-data/2026/04/06/Solapur_140402238975.json,weather-data,498,2026-04-06T14:04:03+00:00,2026-04-06T14:05:41.915995+00:00,SUCCESS,globetrack-raw-data-lake,ap-south-1
Solapur_140404588809.json,s3://globetrack-raw-data-lake/weather-data/2026/04/06/Solapur_140404588809.json,weather-data,505,2026-04-06T14:04:06+00:00,2026-04-06T14:05:41.915995+00:00,SUCCESS,globetrack-raw-data-lake,ap-south-1
chunk_0001.csv,s3://globetrack-raw-data-lake/weather-data/large-dataset/chunk_0001.csv,weather-data,1384466,2026-04-06T13:51:30+00:00,2026-04-06T14:05:41.915995+00:00,SUCCESS,globetrack-raw-data-lake,ap-south-1
chunk_0002.csv,s3://globetrack-raw-data-lake/weather-data/large-dataset/chunk_0002.csv,weather-data,1384308,2026-04-06T13:51:30+00:00,2026-04-06T14:05:41.915995+00:00,SUCCESS,globetrack-raw-data-lake,ap-south-1
chunk_0003.csv,s3://globetrack-raw-data-lake/weather-data/large-dataset/chunk_0003.csv,weather-data,1383914,2026-04-06T13:51:30+00:00,2026-04-06T14:05:41.915995+00:00,SUCCESS,globetrack-raw-data-lake,ap-south-1
chunk_0004.csv,s3://globetrack-raw-data-lake/weather-data/large-dataset/chunk_0004.csv,weather-data,1384177,2026-04-06T13:51:31+00:00,2026-04-06T14:05:41.915995+00:00,SUCCESS,globetrack-raw-data-lake,ap-south-1
chunk_0005.csv,s3://globetrack-raw-data-lake/weather-data/large-dataset/chunk_0005.csv,weather-data,1384019,2026-04-06T13:51:31+00:00,2026-04-06T14:05:41.915995+00:00,SUCCESS,globetrack-raw-data-lake,ap-south-1
chunk_0006.csv,s3://globetrack-raw-data-lake/weather-data/large-dataset/chunk_0006.csv,weather-data,1384198,2026-04-06T13:51:31+00:00,2026-04-06T14:05:41.915995+00:00,SUCCESS,globetrack-raw-data-lake,ap-south-1
chunk_0007.csv,s3://globetrack-raw-data-lake/weather-data/large-dataset/chunk_0007.csv,weather-data,1383452,2026-04-06T13:51:32+00:00,2026-04-06T14:05:41.915995+00:00,SUCCESS,globetrack-raw-data-lake,ap-south-1
chunk_0008.csv,s3://globetrack-raw-data-lake/weather-data/large-dataset/chunk_0008.csv,weather-data,1384866,2026-04-06T13:51:32+00:00,2026-04-06T14:05:41.915995+00:00,SUCCESS,globetrack-raw-data-lake,ap-south-1
chunk_0009.csv,s3://globetrack-raw-data-lake/weather-data/large-dataset/chunk_0009.csv,weather-data,1384107,2026-04-06T13:51:33+00:00,2026-04-06T14:05:41.915995+00:00,SUCCESS,globetrack-raw-data-lake,ap-south-1
chunk_0010.csv,s3://globetrack-raw-data-lake/weather-data/large-dataset/chunk_0010.csv,weather-data,1384280,2026-04-06T13:51:33+00:00,2026-04-06T14:05:41.915995+00:00,SUCCESS,globetrack-raw-data-lake,ap-south-1
chunk_0011.csv,s3://globetrack-raw-data-lake/weather-data/large-dataset/chunk_0011.csv,weather-data,1385256,2026-04-06T13:51:33+00:00,2026-04-06T14:05:41.915995+00:00,SUCCESS,globetrack-raw-data-lake,ap-south-1
chunk_0012.csv,s3://globetrack-raw-data-lake/weather-data/large-dataset/chunk_0012.csv,weather-data,1384681,2026-04-06T13:51:34+00:00,2026-04-06T14:05:41.915995+00:00,SUCCESS,globetrack-raw-data-lake,ap-south-1
chunk_0013.csv,s3://globetrack-raw-data-lake/weather-data/large-dataset/chunk_0013.csv,weather-data,1383660,2026-04-06T13:51:34+00:00,2026-04-06T14:05:41.915995+00:00,SUCCESS,globetrack-raw-data-lake,ap-south-1
chunk_0014.csv,s3://globetrack-raw-data-lake/weather-data/large-dataset/chunk_0014.csv,weather-data,1384776,2026-04-06T13:51:35+00:00,2026-04-06T14:05:41.915995+00:00,SUCCESS,globetrack-raw-data-lake,ap-south-1
chunk_0015.csv,s3://globetrack-raw-data-lake/weather-data/large-dataset/chunk_0015.csv,weather-data,1384046,2026-04-06T13:51:35+00:00,2026-04-06T14:05:41.915995+00:00,SUCCESS,globetrack-raw-data-lake,ap-south-1
chunk_0016.csv,s3://globetrack-raw-data-lake/weather-data/large-dataset/chunk_0016.csv,weather-data,1383984,2026-04-06T13:51:36+00:00,2026-04-06T14:05:41.915995+00:00,SUCCESS,globetrack-raw-data-lake,ap-south-1
chunk_0017.csv,s3://globetrack-raw-data-lake/weather-data/large-dataset/chunk_0017.csv,weather-data,1383868,2026-04-06T13:51:36+00:00,2026-04-06T14:05:41.915995+00:00,SUCCESS,globetrack-raw-data-lake,ap-south-1
chunk_0018.csv,s3://globetrack-raw-data-lake/weather-data/large-dataset/chunk_0018.csv,weather-data,1384118,2026-04-06T13:51:36+00:00,2026-04-06T14:05:41.915995+00:00,SUCCESS,globetrack-raw-data-lake,ap-south-1
chunk_0019.csv,s3://globetrack-raw-data-lake/weather-data/large-dataset/chunk_0019.csv,weather-data,1384060,2026-04-06T13:51:37+00:00,2026-04-06T14:05:41.915995+00:00,SUCCESS,globetrack-raw-data-lake,ap-south-1
chunk_0020.csv,s3://globetrack-raw-data-lake/weather-data/large-dataset/chunk_0020.csv,weather-data,1385030,2026-04-06T13:51:37+00:00,2026-04-06T14:05:41.915995+00:00,SUCCESS,globetrack-raw-data-lake,ap-south-1
chunk_0021.csv,s3://globetrack-raw-data-lake/weather-data/large-dataset/chunk_0021.csv,weather-data,1384062,2026-04-06T13:51:38+00:00,2026-04-06T14:05:41.915995+00:00,SUCCESS,globetrack-raw-data-lake,ap-south-1
chunk_0022.csv,s3://globetrack-raw-data-lake/weather-data/large-dataset/chunk_0022.csv,weather-data,1384272,2026-04-06T13:51:38+00:00,2026-04-06T14:05:41.915995+00:00,SUCCESS,globetrack-raw-data-lake,ap-south-1
chunk_0023.csv,s3://globetrack-raw-data-lake/weather-data/large-dataset/chunk_0023.csv,weather-data,1384731,2026-04-06T13:51:38+00:00,2026-04-06T14:05:41.915995+00:00,SUCCESS,globetrack-raw-data-lake,ap-south-1
chunk_0024.csv,s3://globetrack-raw-data-lake/weather-data/large-dataset/chunk_0024.csv,weather-data,1384234,2026-04-06T13:51:39+00:00,2026-04-06T14:05:41.915995+00:00,SUCCESS,globetrack-raw-data-lake,ap-south-1
chunk_0025.csv,s3://globetrack-raw-data-lake/weather-data/large-dataset/chunk_0025.csv,weather-data,1384196,2026-04-06T13:51:39+00:00,2026-04-06T14:05:41.915995+00:00,SUCCESS,globetrack-raw-data-lake,ap-south-1
chunk_0026.csv,s3://globetrack-raw-data-lake/weather-data/large-dataset/chunk_0026.csv,weather-data,1383387,2026-04-06T13:51:40+00:00,2026-04-06T14:05:41.915995+00:00,SUCCESS,globetrack-raw-data-lake,ap-south-1
chunk_0027.csv,s3://globetrack-raw-data-lake/weather-data/large-dataset/chunk_0027.csv,weather-data,1384182,2026-04-06T13:51:40+00:00,2026-04-06T14:05:41.915995+00:00,SUCCESS,globetrack-raw-data-lake,ap-south-1
chunk_0028.csv,s3://globetrack-raw-data-lake/weather-data/large-dataset/chunk_0028.csv,weather-data,1384767,2026-04-06T13:51:40+00:00,2026-04-06T14:05:41.915995+00:00,SUCCESS,globetrack-raw-data-lake,ap-south-1
chunk_0029.csv,s3://globetrack-raw-data-lake/weather-data/large-dataset/chunk_0029.csv,weather-data,1384466,2026-04-06T13:51:41+00:00,2026-04-06T14:05:41.915995+00:00,SUCCESS,globetrack-raw-data-lake,ap-south-1
chunk_0030.csv,s3://globetrack-raw-data-lake/weather-data/large-dataset/chunk_0030.csv,weather-data,1383548,2026-04-06T13:51:41+00:00,2026-04-06T14:05:41.915995+00:00,SUCCESS,globetrack-raw-data-lake,ap-south-1
chunk_0031.csv,s3://globetrack-raw-data-lake/weather-data/large-dataset/chunk_0031.csv,weather-data,1384211,2026-04-06T13:51:42+00:00,2026-04-06T14:05:41.915995+00:00,SUCCESS,globetrack-raw-data-lake,ap-south-1
chunk_0032.csv,s3://globetrack-raw-data-lake/weather-data/large-dataset/chunk_0032.csv,weather-data,1384141,2026-04-06T13:51:42+00:00,2026-04-06T14:05:41.915995+00:00,SUCCESS,globetrack-raw-data-lake,ap-south-1
chunk_0033.csv,s3://globetrack-raw-data-lake/weather-data/large-dataset/chunk_0033.csv,weather-data,1384162,2026-04-06T13:51:42+00:00,2026-04-06T14:05:41.915995+00:00,SUCCESS,globetrack-raw-data-lake,ap-south-1
chunk_0034.csv,s3://globetrack-raw-data-lake/weather-data/large-dataset/chunk_0034.csv,weather-data,1384362,2026-04-06T13:51:43+00:00,2026-04-06T14:05:41.915995+00:00,SUCCESS,globetrack-raw-data-lake,ap-south-1
chunk_0035.csv,s3://globetrack-raw-data-lake/weather-data/large-dataset/chunk_0035.csv,weather-data,1384236,2026-04-06T13:51:43+00:00,2026-04-06T14:05:41.915995+00:00,SUCCESS,globetrack-raw-data-lake,ap-south-1
chunk_0036.csv,s3://globetrack-raw-data-lake/weather-data/large-dataset/chunk_0036.csv,weather-data,1385022,2026-04-06T13:51:44+00:00,2026-04-06T14:05:41.915995+00:00,SUCCESS,globetrack-raw-data-lake,ap-south-1
chunk_0037.csv,s3://globetrack-raw-data-lake/weather-data/large-dataset/chunk_0037.csv,weather-data,1383659,2026-04-06T13:51:44+00:00,2026-04-06T14:05:41.915995+00:00,SUCCESS,globetrack-raw-data-lake,ap-south-1
chunk_0038.csv,s3://globetrack-raw-data-lake/weather-data/large-dataset/chunk_0038.csv,weather-data,1384760,2026-04-06T13:51:44+00:00,2026-04-06T14:05:41.915995+00:00,SUCCESS,globetrack-raw-data-lake,ap-south-1
chunk_0039.csv,s3://globetrack-raw-data-lake/weather-data/large-dataset/chunk_0039.csv,weather-data,1384485,2026-04-06T13:51:45+00:00,2026-04-06T14:05:41.915995+00:00,SUCCESS,globetrack-raw-data-lake,ap-south-1
chunk_0040.csv,s3://globetrack-raw-data-lake/weather-data/large-dataset/chunk_0040.csv,weather-data,1383870,2026-04-06T13:51:45+00:00,2026-04-06T14:05:41.915995+00:00,SUCCESS,globetrack-raw-data-lake,ap-south-1
chunk_0041.csv,s3://globetrack-raw-data-lake/weather-data/large-dataset/chunk_0041.csv,weather-data,1384060,2026-04-06T13:51:46+00:00,2026-04-06T14:05:41.915995+00:00,SUCCESS,globetrack-raw-data-lake,ap-south-1
chunk_0042.csv,s3://globetrack-raw-data-lake/weather-data/large-dataset/chunk_0042.csv,weather-data,1384610,2026-04-06T13:51:46+00:00,2026-04-06T14:05:41.915995+00:00,SUCCESS,globetrack-raw-data-lake,ap-south-1
chunk_0043.csv,s3://globetrack-raw-data-lake/weather-data/large-dataset/chunk_0043.csv,weather-data,1383763,2026-04-06T13:51:46+00:00,2026-04-06T14:05:41.915995+00:00,SUCCESS,globetrack-raw-data-lake,ap-south-1
chunk_0044.csv,s3://globetrack-raw-data-lake/weather-data/large-dataset/chunk_0044.csv,weather-data,1384612,2026-04-06T13:51:47+00:00,2026-04-06T14:05:41.915995+00:00,SUCCESS,globetrack-raw-data-lake,ap-south-1
chunk_0045.csv,s3://globetrack-raw-data-lake/weather-data/large-dataset/chunk_0045.csv,weather-data,1383793,2026-04-06T13:51:47+00:00,2026-04-06T14:05:41.915995+00:00,SUCCESS,globetrack-raw-data-lake,ap-south-1
chunk_0046.csv,s3://globetrack-raw-data-lake/weather-data/large-dataset/chunk_0046.csv,weather-data,1384143,2026-04-06T13:51:48+00:00,2026-04-06T14:05:41.915995+00:00,SUCCESS,globetrack-raw-data-lake,ap-south-1
chunk_0047.csv,s3://globetrack-raw-data-lake/weather-data/large-dataset/chunk_0047.csv,weather-data,1384255,2026-04-06T13:51:48+00:00,2026-04-06T14:05:41.915995+00:00,SUCCESS,globetrack-raw-data-lake,ap-south-1
chunk_0048.csv,s3://globetrack-raw-data-lake/weather-data/large-dataset/chunk_0048.csv,weather-data,1384482,2026-04-06T13:51:49+00:00,2026-04-06T14:05:41.915995+00:00,SUCCESS,globetrack-raw-data-lake,ap-south-1
chunk_0049.csv,s3://globetrack-raw-data-lake/weather-data/large-dataset/chunk_0049.csv,weather-data,1383958,2026-04-06T13:51:49+00:00,2026-04-06T14:05:41.915995+00:00,SUCCESS,globetrack-raw-data-lake,ap-south-1
chunk_0050.csv,s3://globetrack-raw-data-lake/weather-data/large-dataset/chunk_0050.csv,weather-data,1385102,2026-04-06T13:51:49+00:00,2026-04-06T14:05:41.915995+00:00,SUCCESS,globetrack-raw-data-lake,ap-south-1
chunk_0051.csv,s3://globetrack-raw-data-lake/weather-data/large-dataset/chunk_0051.csv,weather-data,1384647,2026-04-06T13:51:50+00:00,2026-04-06T14:05:41.915995+00:00,SUCCESS,globetrack-raw-data-lake,ap-south-1
chunk_0052.csv,s3://globetrack-raw-data-lake/weather-data/large-dataset/chunk_0052.csv,weather-data,1384173,2026-04-06T13:51:50+00:00,2026-04-06T14:05:41.915995+00:00,SUCCESS,globetrack-raw-data-lake,ap-south-1
chunk_0053.csv,s3://globetrack-raw-data-lake/weather-data/large-dataset/chunk_0053.csv,weather-data,1384718,2026-04-06T13:51:51+00:00,2026-04-06T14:05:41.915995+00:00,SUCCESS,globetrack-raw-data-lake,ap-south-1
chunk_0054.csv,s3://globetrack-raw-data-lake/weather-data/large-dataset/chunk_0054.csv,weather-data,1384039,2026-04-06T13:51:51+00:00,2026-04-06T14:05:41.915995+00:00,SUCCESS,globetrack-raw-data-lake,ap-south-1
chunk_0055.csv,s3://globetrack-raw-data-lake/weather-data/large-dataset/chunk_0055.csv,weather-data,1384546,2026-04-06T13:51:51+00:00,2026-04-06T14:05:41.915995+00:00,SUCCESS,globetrack-raw-data-lake,ap-south-1
chunk_0056.csv,s3://globetrack-raw-data-lake/weather-data/large-dataset/chunk_0056.csv,weather-data,1384151,2026-04-06T13:51:52+00:00,2026-04-06T14:05:41.915995+00:00,SUCCESS,globetrack-raw-data-lake,ap-south-1
chunk_0057.csv,s3://globetrack-raw-data-lake/weather-data/large-dataset/chunk_0057.csv,weather-data,1383927,2026-04-06T13:51:52+00:00,2026-04-06T14:05:41.915995+00:00,SUCCESS,globetrack-raw-data-lake,ap-south-1
chunk_0058.csv,s3://globetrack-raw-data-lake/weather-data/large-dataset/chunk_0058.csv,weather-data,1384212,2026-04-06T13:51:53+00:00,2026-04-06T14:05:41.915995+00:00,SUCCESS,globetrack-raw-data-lake,ap-south-1
chunk_0059.csv,s3://globetrack-raw-data-lake/weather-data/large-dataset/chunk_0059.csv,weather-data,1384896,2026-04-06T13:51:53+00:00,2026-04-06T14:05:41.915995+00:00,SUCCESS,globetrack-raw-data-lake,ap-south-1
chunk_0060.csv,s3://globetrack-raw-data-lake/weather-data/large-dataset/chunk_0060.csv,weather-data,1384857,2026-04-06T13:51:53+00:00,2026-04-06T14:05:41.915995+00:00,SUCCESS,globetrack-raw-data-lake,ap-south-1
